{
    "lsri": {
        "cff": 2.0534334290130274,
        "readme": 95.99249282402297,
        "package": 19.043939059395008,
        "authors": 1.4020755133583573,
        "contributors": 1.7111945241775224,
        "license": 67.6860234047251,
        "codemeta": 0.14351954073746964,
        "zenodo": 0.1545595054095827,
        "zenodo_doi": 4.504305586222125,
        "none": 3.51070876573195
    }
}