{
    "lsri": {
        "swh": 69.5169233993503,
        "zenodo_doi": 4.504305586222125
    }
}