{
    "lsri": {
        "bib": 4.371826010156767,
        "cff": 2.0534334290130274,
        "readme": 31.000220799293444,
        "total": 37.42548023846324
    }
}