{
    "lsri": {
        "rq3-1": {
            "releases": 37.60211967321705,
            "consistency": 74.69172049324722
        },
        "rq3-2": {
            "semantic": 65.7369348209043,
            "calendar": 0.0,
            "Alphanumeric": 34.17498532002349,
            "other": 0.08807985907222549
        }
    }
}