{
    "lsri": {
        "rq4-1": {
            "long_desc": 79.57606535659086,
            "short_desc": 76.52903510708767,
            "None": 5.144623537204681
        },
        "rq4-2": {
            "spdx": 64.0428350629278,
            "other": 3.6431883417973063,
            "no_license": 32.313976595274895
        },
        "rq4-3": {
            "requirements": 28.96886729962464,
            "installation": 53.86398763523956,
            "documentation": 27.279752704791342
        }
    }
}